id;nom;pwd;statut;classe_id;communique_id;matricule
dev2;Developper 2;devpass;AA;DEMO1;fake-0001;
dev3;Developper 3;devpass;AA;DEMO3;fake-0001;25NDOB01A
dev4;Developper 4;devpass;AA;DEMO4;fake-0001;25NDOL01A
DEMO-25AA-001;Etudiant demo 1;0000;AA;DEMO1;fake-0001;25NDOT001
DEMO-25AA-002;Etudiant demo 2;0000;AA;DEMO1;fake-0001;25NDOT002
DEMO-25AA-003;Etudiant demo 3;0000;AA;DEMO3;fake-0001;25NDOT003
DEMO-25AA-004;Etudiant demo 4;0000;AA;DEMO4;fake-0001;25NDOT004
DEMO-25AA-005;Etudiant demo 5;0000;AA;DEMO4;fake-0001;25NDOT005
DEMO-25AA-006;Etudiant demo 6;0000;AA;DEMO1;fake-0001;25NDOT006
DEMO-25AA-007;Etudiant demo 7;0000;AA;DEMO1;fake-0001;25NDOT007
DEMO-25AA-008;Etudiant demo 8;0000;AA;DEMO3;fake-0001;25NDOT008
DEMO-25AA-009;Etudiant demo 9;0000;AA;DEMO4;fake-0001;25NDOT009
DEMO-25AA-010;Etudiant demo 10;0000;AA;DEMO4;fake-0001;25NDOT010
DEMO-25AA-011;Etudiant demo 11;0000;AA;DEMO1;fake-0001;25NDOT011
DEMO-25AA-012;Etudiant demo 12;0000;AA;DEMO1;fake-0001;25NDOT012
DEMO-25AA-013;Etudiant demo 13;0000;AA;DEMO3;fake-0001;25NDOT013
DEMO-25AA-014;Etudiant demo 14;0000;AA;DEMO4;fake-0001;25NDOT014
DEMO-25AA-015;Etudiant demo 15;0000;AA;DEMO4;fake-0001;25NDOT015
DEMO-25AA-016;Etudiant demo 16;0000;AA;DEMO1;fake-0001;25NDOT016
DEMO-25AA-017;Etudiant demo 17;0000;AA;DEMO1;fake-0001;25NDOT017
DEMO-25AA-018;Etudiant demo 18;0000;AA;DEMO3;fake-0001;25NDOT018
DEMO-25AA-019;Etudiant demo 19;0000;AA;DEMO4;fake-0001;25NDOT019
DEMO-25AA-020;Etudiant demo 20;0000;AA;DEMO4;fake-0001;25NDOT020
DEMO-25AA-021;Etudiant demo 21;0000;AA;DEMO1;fake-0001;25NDOT021
DEMO-25AA-022;Etudiant demo 22;0000;AA;DEMO1;fake-0001;25NDOT022
DEMO-25AA-023;Etudiant demo 23;0000;AA;DEMO3;fake-0001;25NDOT023
DEMO-25AA-024;Etudiant demo 24;0000;AA;DEMO4;fake-0001;25NDOT024
DEMO-25AA-025;Etudiant demo 25;0000;AA;DEMO4;fake-0001;25NDOT025
DEMO-25AA-026;Etudiant demo 26;0000;AA;DEMO1;fake-0001;25NDOT026
DEMO-25AA-027;Etudiant demo 27;0000;AA;DEMO1;fake-0001;25NDOT027
DEMO-25AA-028;Etudiant demo 28;0000;AA;DEMO3;fake-0001;25NDOT028
DEMO-25AA-029;Etudiant demo 29;0000;AA;DEMO4;fake-0001;25NDOT029
DEMO-25AA-030;Etudiant demo 30;0000;AA;DEMO4;fake-0001;25NDOT030
DEMO-25AA-031;Etudiant demo 31;0000;AA;DEMO1;fake-0001;25NDOT031
DEMO-25AA-032;Etudiant demo 32;0000;AA;DEMO1;fake-0001;25NDOT032
DEMO-25AA-033;Etudiant demo 33;0000;AA;DEMO3;fake-0001;25NDOT033
DEMO-25AA-034;Etudiant demo 34;0000;AA;DEMO4;fake-0001;25NDOT034
DEMO-25AA-035;Etudiant demo 35;0000;AA;DEMO4;fake-0001;25NDOT035
DEMO-25AA-036;Etudiant demo 36;0000;AA;DEMO1;fake-0001;25NDOT036
DEMO-25AA-037;Etudiant demo 37;0000;AA;DEMO1;fake-0001;25NDOT037
DEMO-25AA-038;Etudiant demo 38;0000;AA;DEMO3;fake-0001;25NDOT038
DEMO-25AA-039;Etudiant demo 39;0000;AA;DEMO4;fake-0001;25NDOT039
DEMO-25AA-040;Etudiant demo 40;0000;AA;DEMO4;fake-0001;25NDOT040
DEMO-25AA-041;Etudiant demo 41;0000;AA;DEMO1;fake-0001;25NDOT041
DEMO-25AA-042;Etudiant demo 42;0000;AA;DEMO1;fake-0001;25NDOT042
DEMO-25AA-043;Etudiant demo 43;0000;AA;DEMO3;fake-0001;25NDOT043
DEMO-25AA-044;Etudiant demo 44;0000;AA;DEMO4;fake-0001;25NDOT044
DEMO-25AA-045;Etudiant demo 45;0000;AA;DEMO4;fake-0001;25NDOT045
DEMO-25AA-046;Etudiant demo 46;0000;AA;DEMO1;fake-0001;25NDOT046
DEMO-25AA-047;Etudiant demo 47;0000;AA;DEMO1;fake-0001;25NDOT047
DEMO-25AA-048;Etudiant demo 48;0000;AA;DEMO3;fake-0001;25NDOT048
DEMO-25AA-049;Etudiant demo 49;0000;AA;DEMO4;fake-0001;25NDOT049
DEMO-25AA-050;Etudiant demo 50;0000;AA;DEMO4;fake-0001;25NDOT050
DEMO-25AA-051;Etudiant demo 51;0000;AA;DEMO1;fake-0001;25NDOT051
DEMO-25AA-052;Etudiant demo 52;0000;AA;DEMO1;fake-0001;25NDOT052
DEMO-25AA-053;Etudiant demo 53;0000;AA;DEMO3;fake-0001;25NDOT053
DEMO-25AA-054;Etudiant demo 54;0000;AA;DEMO4;fake-0001;25NDOT054
DEMO-25AA-055;Etudiant demo 55;0000;AA;DEMO4;fake-0001;25NDOT055
DEMO-25AA-056;Etudiant demo 56;0000;AA;DEMO1;fake-0001;25NDOT056
DEMO-25AA-057;Etudiant demo 57;0000;AA;DEMO1;fake-0001;25NDOT057
DEMO-25AA-058;Etudiant demo 58;0000;AA;DEMO3;fake-0001;25NDOT058
DEMO-25AA-059;Etudiant demo 59;0000;AA;DEMO4;fake-0001;25NDOT059
DEMO-25AA-060;Etudiant demo 60;0000;AA;DEMO4;fake-0001;25NDOT060
DEMO-25AA-061;Etudiant demo 61;0000;AA;DEMO1;fake-0001;25NDOT061
DEMO-25AA-062;Etudiant demo 62;0000;AA;DEMO1;fake-0001;25NDOT062
DEMO-25AA-063;Etudiant demo 63;0000;AA;DEMO3;fake-0001;25NDOT063
DEMO-25AA-064;Etudiant demo 64;0000;AA;DEMO4;fake-0001;25NDOT064
DEMO-25AA-065;Etudiant demo 65;0000;AA;DEMO4;fake-0001;25NDOT065
DEMO-25AA-066;Etudiant demo 66;0000;AA;DEMO1;fake-0001;25NDOT066
DEMO-25AA-067;Etudiant demo 67;0000;AA;DEMO1;fake-0001;25NDOT067
DEMO-25AA-068;Etudiant demo 68;0000;AA;DEMO3;fake-0001;25NDOT068
DEMO-25AA-069;Etudiant demo 69;0000;AA;DEMO4;fake-0001;25NDOT069
DEMO-25AA-070;Etudiant demo 70;0000;AA;DEMO4;fake-0001;25NDOT070
DEMO-25AA-071;Etudiant demo 71;0000;AA;DEMO1;fake-0001;25NDOT071
DEMO-25AA-072;Etudiant demo 72;0000;AA;DEMO1;fake-0001;25NDOT072
DEMO-25AA-073;Etudiant demo 73;0000;AA;DEMO3;fake-0001;25NDOT073
DEMO-25AA-074;Etudiant demo 74;0000;AA;DEMO4;fake-0001;25NDOT074
DEMO-25AA-075;Etudiant demo 75;0000;AA;DEMO4;fake-0001;25NDOT075
DEMO-25AA-076;Etudiant demo 76;0000;AA;DEMO1;fake-0001;25NDOT076
DEMO-25AA-077;Etudiant demo 77;0000;AA;DEMO1;fake-0001;25NDOT077
DEMO-25AA-078;Etudiant demo 78;0000;AA;DEMO3;fake-0001;25NDOT078
DEMO-25AA-079;Etudiant demo 79;0000;AA;DEMO4;fake-0001;25NDOT079
DEMO-25AA-080;Etudiant demo 80;0000;AA;DEMO4;fake-0001;25NDOT080
DEMO-25AA-081;Etudiant demo 81;0000;AA;DEMO1;fake-0001;25NDOT081
DEMO-25AA-082;Etudiant demo 82;0000;AA;DEMO1;fake-0001;25NDOT082
DEMO-25AA-083;Etudiant demo 83;0000;AA;DEMO3;fake-0001;25NDOT083
DEMO-25AA-084;Etudiant demo 84;0000;AA;DEMO4;fake-0001;25NDOT084
DEMO-25AA-085;Etudiant demo 85;0000;AA;DEMO4;fake-0001;25NDOT085
DEMO-25AA-086;Etudiant demo 86;0000;AA;DEMO1;fake-0001;25NDOT086
DEMO-25AA-087;Etudiant demo 87;0000;AA;DEMO1;fake-0001;25NDOT087
DEMO-25AA-088;Etudiant demo 88;0000;AA;DEMO3;fake-0001;25NDOT088
DEMO-25AA-089;Etudiant demo 89;0000;AA;DEMO4;fake-0001;25NDOT089
DEMO-25AA-090;Etudiant demo 90;0000;AA;DEMO4;fake-0001;25NDOT090
DEMO-25AA-091;Etudiant demo 91;0000;AA;DEMO1;fake-0001;25NDOT091
DEMO-25AA-092;Etudiant demo 92;0000;AA;DEMO1;fake-0001;25NDOT092
DEMO-25AA-093;Etudiant demo 93;0000;AA;DEMO3;fake-0001;25NDOT093
DEMO-25AA-094;Etudiant demo 94;0000;AA;DEMO4;fake-0001;25NDOT094
DEMO-25AA-095;Etudiant demo 95;0000;AA;DEMO4;fake-0001;25NDOT095
DEMO-25AA-096;Etudiant demo 96;0000;AA;DEMO1;fake-0001;25NDOT096
DEMO-25AA-097;Etudiant demo 97;0000;AA;DEMO1;fake-0001;25NDOT097
DEMO-25AA-098;Etudiant demo 98;0000;AA;DEMO3;fake-0001;25NDOT098
DEMO-25AA-099;Etudiant demo 99;0000;AA;DEMO4;fake-0001;25NDOT099
DEMO-25AA-100;Etudiant demo 100;0000;AA;DEMO4;fake-0001;25NDOT100
DEMO-25AA-101;Etudiant demo 101;0000;AA;DEMO1;fake-0001;25NDOT101
DEMO-25AA-102;Etudiant demo 102;0000;AA;DEMO1;fake-0001;25NDOT102
DEMO-25AA-103;Etudiant demo 103;0000;AA;DEMO3;fake-0001;25NDOT103
DEMO-25AA-104;Etudiant demo 104;0000;AA;DEMO4;fake-0001;25NDOT104
DEMO-25AA-105;Etudiant demo 105;0000;AA;DEMO4;fake-0001;25NDOT105
DEMO-25AA-106;Etudiant demo 106;0000;AA;DEMO1;fake-0001;25NDOT106
DEMO-25AA-107;Etudiant demo 107;0000;AA;DEMO1;fake-0001;25NDOT107
DEMO-25AA-108;Etudiant demo 108;0000;AA;DEMO3;fake-0001;25NDOT108
DEMO-25AA-109;Etudiant demo 109;0000;AA;DEMO4;fake-0001;25NDOT109
DEMO-25AA-110;Etudiant demo 110;0000;AA;DEMO4;fake-0001;25NDOT110
DEMO-25AA-111;Etudiant demo 111;0000;AA;DEMO1;fake-0001;25NDOT111
DEMO-25AA-112;Etudiant demo 112;0000;AA;DEMO1;fake-0001;25NDOT112
DEMO-25AA-113;Etudiant demo 113;0000;AA;DEMO3;fake-0001;25NDOT113
DEMO-25AA-114;Etudiant demo 114;0000;AA;DEMO4;fake-0001;25NDOT114
DEMO-25AA-115;Etudiant demo 115;0000;AA;DEMO4;fake-0001;25NDOT115
DEMO-25AA-116;Etudiant demo 116;0000;AA;DEMO1;fake-0001;25NDOT116
DEMO-25AA-117;Etudiant demo 117;0000;AA;DEMO1;fake-0001;25NDOT117
DEMO-25AA-118;Etudiant demo 118;0000;AA;DEMO3;fake-0001;25NDOT118
DEMO-25AA-119;Etudiant demo 119;0000;AA;DEMO4;fake-0001;25NDOT119
DEMO-25AA-120;Etudiant demo 120;0000;AA;DEMO4;fake-0001;25NDOT120
DEMO-25AA-121;Etudiant demo 121;0000;AA;DEMO1;fake-0001;25NDOT121
DEMO-25AA-122;Etudiant demo 122;0000;AA;DEMO1;fake-0001;25NDOT122
DEMO-25AA-123;Etudiant demo 123;0000;AA;DEMO3;fake-0001;25NDOT123
DEMO-25AA-124;Etudiant demo 124;0000;AA;DEMO4;fake-0001;25NDOT124
DEMO-25AA-125;Etudiant demo 125;0000;AA;DEMO4;fake-0001;25NDOT125
DEMO-25AA-126;Etudiant demo 126;0000;AA;DEMO1;fake-0001;25NDOT126
DEMO-25AA-127;Etudiant demo 127;0000;AA;DEMO1;fake-0001;25NDOT127
DEMO-25AA-128;Etudiant demo 128;0000;AA;DEMO3;fake-0001;25NDOT128
DEMO-25AA-129;Etudiant demo 129;0000;AA;DEMO4;fake-0001;25NDOT129
DEMO-25AA-130;Etudiant demo 130;0000;AA;DEMO4;fake-0001;25NDOT130
DEMO-25AA-131;Etudiant demo 131;0000;AA;DEMO1;fake-0001;25NDOT131
DEMO-25AA-132;Etudiant demo 132;0000;AA;DEMO1;fake-0001;25NDOT132
DEMO-25AA-133;Etudiant demo 133;0000;AA;DEMO3;fake-0001;25NDOT133
DEMO-25AA-134;Etudiant demo 134;0000;AA;DEMO4;fake-0001;25NDOT134
DEMO-25AA-135;Etudiant demo 135;0000;AA;DEMO4;fake-0001;25NDOT135
DEMO-25AA-136;Etudiant demo 136;0000;AA;DEMO1;fake-0001;25NDOT136
DEMO-25AA-137;Etudiant demo 137;0000;AA;DEMO1;fake-0001;25NDOT137
DEMO-25AA-138;Etudiant demo 138;0000;AA;DEMO3;fake-0001;25NDOT138
DEMO-25AA-139;Etudiant demo 139;0000;AA;DEMO4;fake-0001;25NDOT139
DEMO-25AA-140;Etudiant demo 140;0000;AA;DEMO4;fake-0001;25NDOT140
DEMO-25AA-141;Etudiant demo 141;0000;AA;DEMO1;fake-0001;25NDOT141
DEMO-25AA-142;Etudiant demo 142;0000;AA;DEMO1;fake-0001;25NDOT142
DEMO-25AA-143;Etudiant demo 143;0000;AA;DEMO3;fake-0001;25NDOT143
DEMO-25AA-144;Etudiant demo 144;0000;AA;DEMO4;fake-0001;25NDOT144
DEMO-25AA-145;Etudiant demo 145;0000;AA;DEMO4;fake-0001;25NDOT145
DEMO-25AA-146;Etudiant demo 146;0000;AA;DEMO1;fake-0001;25NDOT146
DEMO-25AA-147;Etudiant demo 147;0000;AA;DEMO1;fake-0001;25NDOT147
DEMO-25AA-148;Etudiant demo 148;0000;AA;DEMO3;fake-0001;25NDOT148
DEMO-25AA-149;Etudiant demo 149;0000;AA;DEMO4;fake-0001;25NDOT149
DEMO-25AA-150;Etudiant demo 150;0000;AA;DEMO4;fake-0001;25NDOT150
DEMO-25AA-151;Etudiant demo 151;0000;AA;DEMO1;fake-0001;25NDOT151
DEMO-25AA-152;Etudiant demo 152;0000;AA;DEMO1;fake-0001;25NDOT152
DEMO-25AA-153;Etudiant demo 153;0000;AA;DEMO3;fake-0001;25NDOT153
DEMO-25AA-154;Etudiant demo 154;0000;AA;DEMO4;fake-0001;25NDOT154
DEMO-25AA-155;Etudiant demo 155;0000;AA;DEMO4;fake-0001;25NDOT155
DEMO-25AA-156;Etudiant demo 156;0000;AA;DEMO1;fake-0001;25NDOT156
DEMO-25AA-157;Etudiant demo 157;0000;AA;DEMO1;fake-0001;25NDOT157
DEMO-25AA-158;Etudiant demo 158;0000;AA;DEMO3;fake-0001;25NDOT158
DEMO-25AA-159;Etudiant demo 159;0000;AA;DEMO4;fake-0001;25NDOT159
DEMO-25AA-160;Etudiant demo 160;0000;AA;DEMO4;fake-0001;25NDOT160
DEMO-25AA-161;Etudiant demo 161;0000;AA;DEMO1;fake-0001;25NDOT161
DEMO-25AA-162;Etudiant demo 162;0000;AA;DEMO1;fake-0001;25NDOT162
DEMO-25AA-163;Etudiant demo 163;0000;AA;DEMO3;fake-0001;25NDOT163
DEMO-25AA-164;Etudiant demo 164;0000;AA;DEMO4;fake-0001;25NDOT164
DEMO-25AA-165;Etudiant demo 165;0000;AA;DEMO4;fake-0001;25NDOT165
DEMO-25AA-166;Etudiant demo 166;0000;AA;DEMO1;fake-0001;25NDOT166
DEMO-25AA-167;Etudiant demo 167;0000;AA;DEMO1;fake-0001;25NDOT167
DEMO-25AA-168;Etudiant demo 168;0000;AA;DEMO3;fake-0001;25NDOT168
DEMO-25AA-169;Etudiant demo 169;0000;AA;DEMO4;fake-0001;25NDOT169
DEMO-25AA-170;Etudiant demo 170;0000;AA;DEMO4;fake-0001;25NDOT170
DEMO-25AA-171;Etudiant demo 171;0000;AA;DEMO1;fake-0001;25NDOT171
DEMO-25AA-172;Etudiant demo 172;0000;AA;DEMO1;fake-0001;25NDOT172
DEMO-25AA-173;Etudiant demo 173;0000;AA;DEMO3;fake-0001;25NDOT173
DEMO-25AA-174;Etudiant demo 174;0000;AA;DEMO4;fake-0001;25NDOT174
DEMO-25AA-175;Etudiant demo 175;0000;AA;DEMO4;fake-0001;25NDOT175
DEMO-25AA-176;Etudiant demo 176;0000;AA;DEMO1;fake-0001;25NDOT176
DEMO-25AA-177;Etudiant demo 177;0000;AA;DEMO1;fake-0001;25NDOT177
DEMO-25AA-178;Etudiant demo 178;0000;AA;DEMO3;fake-0001;25NDOT178
DEMO-25AA-179;Etudiant demo 179;0000;AA;DEMO4;fake-0001;25NDOT179
DEMO-25AA-180;Etudiant demo 180;0000;AA;DEMO4;fake-0001;25NDOT180
DEMO-25AA-181;Etudiant demo 181;0000;AA;DEMO1;fake-0001;25NDOT181
DEMO-25AA-182;Etudiant demo 182;0000;AA;DEMO1;fake-0001;25NDOT182
DEMO-25AA-183;Etudiant demo 183;0000;AA;DEMO3;fake-0001;25NDOT183
DEMO-25AA-184;Etudiant demo 184;0000;AA;DEMO4;fake-0001;25NDOT184
DEMO-25AA-185;Etudiant demo 185;0000;AA;DEMO4;fake-0001;25NDOT185
DEMO-25AA-186;Etudiant demo 186;0000;AA;DEMO1;fake-0001;25NDOT186
DEMO-25AA-187;Etudiant demo 187;0000;AA;DEMO1;fake-0001;25NDOT187
DEMO-25AA-188;Etudiant demo 188;0000;AA;DEMO3;fake-0001;25NDOT188
DEMO-25AA-189;Etudiant demo 189;0000;AA;DEMO4;fake-0001;25NDOT189
DEMO-25AA-190;Etudiant demo 190;0000;AA;DEMO4;fake-0001;25NDOT190
DEMO-25AA-191;Etudiant demo 191;0000;AA;DEMO1;fake-0001;25NDOT191
DEMO-25AA-192;Etudiant demo 192;0000;AA;DEMO1;fake-0001;25NDOT192
DEMO-25AA-193;Etudiant demo 193;0000;AA;DEMO3;fake-0001;25NDOT193
DEMO-25AA-194;Etudiant demo 194;0000;AA;DEMO4;fake-0001;25NDOT194
DEMO-25AA-195;Etudiant demo 195;0000;AA;DEMO4;fake-0001;25NDOT195
DEMO-25AA-196;Etudiant demo 196;0000;AA;DEMO1;fake-0001;25NDOT196
DEMO-25AA-197;Etudiant demo 197;0000;AA;DEMO1;fake-0001;25NDOT197
DEMO-25AA-198;Etudiant demo 198;0000;AA;DEMO3;fake-0001;25NDOT198
DEMO-25AA-199;Etudiant demo 199;0000;AA;DEMO4;fake-0001;25NDOT199
DEMO-25AA-200;Etudiant demo 200;0000;AA;DEMO4;fake-0001;25NDOT200
DEMO-25AA-201;Etudiant demo 201;0000;AA;DEMO1;fake-0001;25NDOT201
DEMO-25AA-202;Etudiant demo 202;0000;AA;DEMO1;fake-0001;25NDOT202
DEMO-25AA-203;Etudiant demo 203;0000;AA;DEMO3;fake-0001;25NDOT203
DEMO-25AA-204;Etudiant demo 204;0000;AA;DEMO4;fake-0001;25NDOT204
DEMO-25AA-205;Etudiant demo 205;0000;AA;DEMO4;fake-0001;25NDOT205
DEMO-25AA-206;Etudiant demo 206;0000;AA;DEMO1;fake-0001;25NDOT206
