admission_id;nom;prenom;date_naissance;lieu_naissance;sexe_id;situation_matrimoniale_id;departement_origine_id;telephone;email;langue_id;diplome;annee_diplome;nom_pere;profession_pere;telephone_pere;residence_pere;nom_mere;profession_mere;telephone_mere;residence_mere
dev3;Developper 3;;01/01/2001;Maternite de la ville 1;F;C;dep4;6 70 70 90 91;admis1@yahoo.co;FR;Diplome demo type 1;2011;Pere developper 3;Metier demo;6 75 75 75 / 6 99 98 98 98;Ville demo;;;;
dev4;Developper 4;;02/02/2002;Maternite de la ville 2;M;M;dep6;6 90 90 70 72;admis2@yahoo.en;EN;Diplome demo type 2;2012;;;;;Mere developper 4;Autre Metier demo;6 94 94 95 95;Autre Ville Demo
DEMO-25AA-001;Etudiant demo 1;Test Test test you oooooo ooooo oooooo;03/02/2002;Maternite de la ville 3;M;M;dep4;6 90 90 70 72;admis2@yahoo.en;EN;Diplome demo type 3;2003;;;;;;;;
DEMO-25AA-002;Etudiant demo 2;Test Test test you oooooo ooooo oooooo;04/02/2002;Maternite de la ville 4;M;M;dep6;7 90 90 70 72;admis2@yahoo.en;EN;Diplome demo type 4;2004;;;;;;;;
DEMO-25AA-003;Etudiant demo 3;Test Test test you oooooo ooooo oooooo;05/02/2002;Maternite de la ville 5;M;M;dep4;6 90 90 70 72;admis2@yahoo.en;EN;Diplome demo type 5;2005;;;;;;;;
DEMO-25AA-004;Etudiant demo 4;Test Test test you oooooo ooooo oooooo;06/02/2002;Maternite de la ville 6;M;M;dep6;7 90 90 70 72;admis2@yahoo.en;EN;Diplome demo type 6;2006;;;;;;;;
DEMO-25AA-005;Etudiant demo 5;Test Test test you oooooo ooooo oooooo;07/02/2002;Maternite de la ville 7;M;M;dep4;6 90 90 70 72;admis2@yahoo.en;EN;Diplome demo type 7;2007;;;;;;;;
DEMO-25AA-006;Etudiant demo 6;Test Test test you oooooo ooooo oooooo;08/02/2002;Maternite de la ville 8;M;M;dep6;7 90 90 70 72;admis2@yahoo.en;EN;Diplome demo type 8;2008;;;;;;;;
DEMO-25AA-007;Etudiant demo 7;Test Test test you oooooo ooooo oooooo;09/02/2002;Maternite de la ville 9;M;M;dep4;6 90 90 70 72;admis2@yahoo.en;EN;Diplome demo type 9;2009;;;;;;;;
DEMO-25AA-008;Etudiant demo 8;Test Test test you oooooo ooooo oooooo;10/02/2002;Maternite de la ville 10;M;M;dep6;7 90 90 70 72;admis2@yahoo.en;EN;Diplome demo type 10;2010;;;;;;;;
DEMO-25AA-009;Etudiant demo 9;Test Test test you oooooo ooooo oooooo;11/02/2002;Maternite de la ville 11;M;M;dep4;6 90 90 70 72;admis2@yahoo.en;EN;Diplome demo type 11;2010;;;;;;;;
DEMO-25AA-010;Etudiant demo 10;Test Test test you oooooo ooooo oooooo;12/02/2002;Maternite de la ville 12;M;M;dep6;7 90 90 70 72;admis2@yahoo.en;EN;Diplome demo type 12;2010;;;;;;;;
DEMO-25AA-011;Etudiant demo 11;Test Test test you oooooo ooooo oooooo;13/02/2002;Maternite de la ville 13;M;M;dep4;6 90 90 70 72;admis2@yahoo.en;EN;Diplome demo type 13;2010;;;;;;;;
DEMO-25AA-012;Etudiant demo 12;Test Test test you oooooo ooooo oooooo;14/02/2002;Maternite de la ville 14;M;M;dep6;7 90 90 70 72;admis2@yahoo.en;EN;Diplome demo type 14;2010;;;;;;;;
DEMO-25AA-013;Etudiant demo 13;Test Test test you oooooo ooooo oooooo;15/02/2002;Maternite de la ville 15;M;M;dep4;6 90 90 70 72;admis2@yahoo.en;EN;Diplome demo type 15;2010;;;;;;;;
DEMO-25AA-014;Etudiant demo 14;Test Test test you oooooo ooooo oooooo;16/02/2002;Maternite de la ville 16;M;M;dep6;7 90 90 70 72;admis2@yahoo.en;EN;Diplome demo type 16;2010;;;;;;;;
DEMO-25AA-015;Etudiant demo 15;Test Test test you oooooo ooooo oooooo;17/02/2002;Maternite de la ville 17;M;M;dep4;6 90 90 70 72;admis2@yahoo.en;EN;Diplome demo type 17;2010;;;;;;;;
DEMO-25AA-016;Etudiant demo 16;Test Test test you oooooo ooooo oooooo;18/02/2002;Maternite de la ville 18;M;M;dep6;7 90 90 70 72;admis2@yahoo.en;EN;Diplome demo type 18;2010;;;;;;;;
DEMO-25AA-017;Etudiant demo 17;Test Test test you oooooo ooooo oooooo;19/02/2002;Maternite de la ville 19;M;M;dep4;6 90 90 70 72;admis2@yahoo.en;EN;Diplome demo type 19;2010;;;;;;;;
DEMO-25AA-018;Etudiant demo 18;Test Test test you oooooo ooooo oooooo;20/02/2002;Maternite de la ville 20;M;M;dep6;7 90 90 70 72;admis2@yahoo.en;EN;Diplome demo type 20;2010;;;;;;;;
DEMO-25AA-019;Etudiant demo 19;Test Test test you oooooo ooooo oooooo;21/02/2002;Maternite de la ville 21;M;M;dep4;6 90 90 70 72;admis2@yahoo.en;EN;Diplome demo type 21;2010;;;;;;;;
DEMO-25AA-020;Etudiant demo 20;Test Test test you oooooo ooooo oooooo;22/02/2002;Maternite de la ville 22;M;M;dep6;7 90 90 70 72;admis2@yahoo.en;EN;Diplome demo type 22;2010;;;;;;;;
DEMO-25AA-021;Etudiant demo 21;Test Test test you oooooo ooooo oooooo;23/02/2002;Maternite de la ville 23;M;M;dep4;6 90 90 70 72;admis2@yahoo.en;EN;Diplome demo type 23;2010;;;;;;;;
DEMO-25AA-022;Etudiant demo 22;Test Test test you oooooo ooooo oooooo;24/02/2002;Maternite de la ville 24;M;M;dep6;7 90 90 70 72;admis2@yahoo.en;EN;Diplome demo type 24;2010;;;;;;;;
DEMO-25AA-023;Etudiant demo 23;Test Test test you oooooo ooooo oooooo;25/02/2002;Maternite de la ville 25;M;M;dep4;6 90 90 70 72;admis2@yahoo.en;EN;Diplome demo type 25;2010;;;;;;;;
DEMO-25AA-024;Etudiant demo 24;Test Test test you oooooo ooooo oooooo;26/02/2002;Maternite de la ville 26;M;M;dep6;7 90 90 70 72;admis2@yahoo.en;EN;Diplome demo type 26;2010;;;;;;;;
DEMO-25AA-025;Etudiant demo 25;Test Test test you oooooo ooooo oooooo;27/02/2002;Maternite de la ville 27;M;M;dep4;6 90 90 70 72;admis2@yahoo.en;EN;Diplome demo type 27;2010;;;;;;;;
DEMO-25AA-026;Etudiant demo 26;Test Test test you oooooo ooooo oooooo;28/02/2002;Maternite de la ville 28;M;M;dep6;7 90 90 70 72;admis2@yahoo.en;EN;Diplome demo type 28;2010;;;;;;;;
DEMO-25AA-027;Etudiant demo 27;Test Test test you oooooo ooooo oooooo;01/03/2002;Maternite de la ville 29;M;M;dep4;6 90 90 70 72;admis2@yahoo.en;EN;Diplome demo type 29;2010;;;;;;;;
DEMO-25AA-028;Etudiant demo 28;Test Test test you oooooo ooooo oooooo;02/03/2002;Maternite de la ville 30;M;M;dep6;7 90 90 70 72;admis2@yahoo.en;EN;Diplome demo type 30;2010;;;;;;;;
DEMO-25AA-029;Etudiant demo 29;Test Test test you oooooo ooooo oooooo;03/03/2002;Maternite de la ville 31;M;M;dep4;6 90 90 70 72;admis2@yahoo.en;EN;Diplome demo type 31;2010;;;;;;;;
DEMO-25AA-030;Etudiant demo 30;Test Test test you oooooo ooooo oooooo;04/03/2002;Maternite de la ville 32;M;M;dep6;7 90 90 70 72;admis2@yahoo.en;EN;Diplome demo type 32;2010;;;;;;;;
DEMO-25AA-031;Etudiant demo 31;Test Test test you oooooo ooooo oooooo;05/03/2002;Maternite de la ville 33;M;M;dep4;6 90 90 70 72;admis2@yahoo.en;EN;Diplome demo type 33;2010;;;;;;;;
DEMO-25AA-032;Etudiant demo 32;Test Test test you oooooo ooooo oooooo;06/03/2002;Maternite de la ville 34;M;M;dep6;7 90 90 70 72;admis2@yahoo.en;EN;Diplome demo type 34;2010;;;;;;;;
DEMO-25AA-033;Etudiant demo 33;Test Test test you oooooo ooooo oooooo;07/03/2002;Maternite de la ville 35;M;M;dep4;6 90 90 70 72;admis2@yahoo.en;EN;Diplome demo type 35;2010;;;;;;;;
DEMO-25AA-034;Etudiant demo 34;Test Test test you oooooo ooooo oooooo;08/03/2002;Maternite de la ville 36;M;M;dep6;7 90 90 70 72;admis2@yahoo.en;EN;Diplome demo type 36;2010;;;;;;;;
DEMO-25AA-035;Etudiant demo 35;Test Test test you oooooo ooooo oooooo;09/03/2002;Maternite de la ville 37;M;M;dep4;6 90 90 70 72;admis2@yahoo.en;EN;Diplome demo type 37;2010;;;;;;;;
DEMO-25AA-036;Etudiant demo 36;Test Test test you oooooo ooooo oooooo;10/03/2002;Maternite de la ville 38;M;M;dep6;7 90 90 70 72;admis2@yahoo.en;EN;Diplome demo type 38;2010;;;;;;;;
DEMO-25AA-037;Etudiant demo 37;Test Test test you oooooo ooooo oooooo;11/03/2002;Maternite de la ville 39;M;M;dep4;6 90 90 70 72;admis2@yahoo.en;EN;Diplome demo type 39;2010;;;;;;;;
DEMO-25AA-038;Etudiant demo 38;Test Test test you oooooo ooooo oooooo;12/03/2002;Maternite de la ville 40;M;M;dep6;7 90 90 70 72;admis2@yahoo.en;EN;Diplome demo type 40;2010;;;;;;;;
DEMO-25AA-039;Etudiant demo 39;Test Test test you oooooo ooooo oooooo;13/03/2002;Maternite de la ville 41;M;M;dep4;6 90 90 70 72;admis2@yahoo.en;EN;Diplome demo type 41;2010;;;;;;;;
DEMO-25AA-040;Etudiant demo 40;Test Test test you oooooo ooooo oooooo;14/03/2002;Maternite de la ville 42;M;M;dep6;7 90 90 70 72;admis2@yahoo.en;EN;Diplome demo type 42;2010;;;;;;;;
DEMO-25AA-041;Etudiant demo 41;Test Test test you oooooo ooooo oooooo;15/03/2002;Maternite de la ville 43;M;M;dep4;6 90 90 70 72;admis2@yahoo.en;EN;Diplome demo type 43;2010;;;;;;;;
DEMO-25AA-042;Etudiant demo 42;Test Test test you oooooo ooooo oooooo;16/03/2002;Maternite de la ville 44;M;M;dep6;7 90 90 70 72;admis2@yahoo.en;EN;Diplome demo type 44;2010;;;;;;;;
DEMO-25AA-043;Etudiant demo 43;Test Test test you oooooo ooooo oooooo;17/03/2002;Maternite de la ville 45;M;M;dep4;6 90 90 70 72;admis2@yahoo.en;EN;Diplome demo type 45;2010;;;;;;;;
DEMO-25AA-044;Etudiant demo 44;Test Test test you oooooo ooooo oooooo;18/03/2002;Maternite de la ville 46;M;M;dep6;7 90 90 70 72;admis2@yahoo.en;EN;Diplome demo type 46;2010;;;;;;;;
DEMO-25AA-045;Etudiant demo 45;Test Test test you oooooo ooooo oooooo;19/03/2002;Maternite de la ville 47;M;M;dep4;6 90 90 70 72;admis2@yahoo.en;EN;Diplome demo type 47;2010;;;;;;;;
DEMO-25AA-046;Etudiant demo 46;Test Test test you oooooo ooooo oooooo;20/03/2002;Maternite de la ville 48;M;M;dep6;7 90 90 70 72;admis2@yahoo.en;EN;Diplome demo type 48;2010;;;;;;;;
DEMO-25AA-047;Etudiant demo 47;Test Test test you oooooo ooooo oooooo;21/03/2002;Maternite de la ville 49;M;M;dep4;6 90 90 70 72;admis2@yahoo.en;EN;Diplome demo type 49;2010;;;;;;;;
DEMO-25AA-048;Etudiant demo 48;Test Test test you oooooo ooooo oooooo;22/03/2002;Maternite de la ville 50;M;M;dep6;7 90 90 70 72;admis2@yahoo.en;EN;Diplome demo type 50;2010;;;;;;;;
DEMO-25AA-049;Etudiant demo 49;Test Test test you oooooo ooooo oooooo;23/03/2002;Maternite de la ville 51;M;M;dep4;6 90 90 70 72;admis2@yahoo.en;EN;Diplome demo type 51;2010;;;;;;;;
DEMO-25AA-050;Etudiant demo 50;Test Test test you oooooo ooooo oooooo;24/03/2002;Maternite de la ville 52;M;M;dep6;7 90 90 70 72;admis2@yahoo.en;EN;Diplome demo type 52;2010;;;;;;;;
DEMO-25AA-051;Etudiant demo 51;Test Test test you oooooo ooooo oooooo;25/03/2002;Maternite de la ville 53;M;M;dep4;6 90 90 70 72;admis2@yahoo.en;EN;Diplome demo type 53;2010;;;;;;;;
DEMO-25AA-052;Etudiant demo 52;Test Test test you oooooo ooooo oooooo;26/03/2002;Maternite de la ville 54;M;M;dep6;7 90 90 70 72;admis2@yahoo.en;EN;Diplome demo type 54;2010;;;;;;;;
DEMO-25AA-053;Etudiant demo 53;Test Test test you oooooo ooooo oooooo;27/03/2002;Maternite de la ville 55;M;M;dep4;6 90 90 70 72;admis2@yahoo.en;EN;Diplome demo type 55;2010;;;;;;;;
DEMO-25AA-054;Etudiant demo 54;Test Test test you oooooo ooooo oooooo;28/03/2002;Maternite de la ville 56;M;M;dep6;7 90 90 70 72;admis2@yahoo.en;EN;Diplome demo type 56;2010;;;;;;;;
DEMO-25AA-055;Etudiant demo 55;Test Test test you oooooo ooooo oooooo;29/03/2002;Maternite de la ville 57;M;M;dep4;6 90 90 70 72;admis2@yahoo.en;EN;Diplome demo type 57;2010;;;;;;;;
DEMO-25AA-056;Etudiant demo 56;Test Test test you oooooo ooooo oooooo;30/03/2002;Maternite de la ville 58;M;M;dep6;7 90 90 70 72;admis2@yahoo.en;EN;Diplome demo type 58;2010;;;;;;;;
DEMO-25AA-057;Etudiant demo 57;Test Test test you oooooo ooooo oooooo;31/03/2002;Maternite de la ville 59;M;M;dep4;6 90 90 70 72;admis2@yahoo.en;EN;Diplome demo type 59;2010;;;;;;;;
DEMO-25AA-058;Etudiant demo 58;Test Test test you oooooo ooooo oooooo;01/04/2002;Maternite de la ville 60;M;M;dep6;7 90 90 70 72;admis2@yahoo.en;EN;Diplome demo type 60;2010;;;;;;;;
DEMO-25AA-059;Etudiant demo 59;Test Test test you oooooo ooooo oooooo;02/04/2002;Maternite de la ville 61;M;M;dep4;6 90 90 70 72;admis2@yahoo.en;EN;Diplome demo type 61;2010;;;;;;;;
DEMO-25AA-060;Etudiant demo 60;Test Test test you oooooo ooooo oooooo;03/04/2002;Maternite de la ville 62;M;M;dep6;7 90 90 70 72;admis2@yahoo.en;EN;Diplome demo type 62;2010;;;;;;;;
DEMO-25AA-061;Etudiant demo 61;Test Test test you oooooo ooooo oooooo;04/04/2002;Maternite de la ville 63;M;M;dep4;6 90 90 70 72;admis2@yahoo.en;EN;Diplome demo type 63;2010;;;;;;;;
DEMO-25AA-062;Etudiant demo 62;Test Test test you oooooo ooooo oooooo;05/04/2002;Maternite de la ville 64;M;M;dep6;7 90 90 70 72;admis2@yahoo.en;EN;Diplome demo type 64;2010;;;;;;;;
DEMO-25AA-063;Etudiant demo 63;Test Test test you oooooo ooooo oooooo;06/04/2002;Maternite de la ville 65;M;M;dep4;6 90 90 70 72;admis2@yahoo.en;EN;Diplome demo type 65;2010;;;;;;;;
DEMO-25AA-064;Etudiant demo 64;Test Test test you oooooo ooooo oooooo;07/04/2002;Maternite de la ville 66;M;M;dep6;7 90 90 70 72;admis2@yahoo.en;EN;Diplome demo type 66;2010;;;;;;;;
DEMO-25AA-065;Etudiant demo 65;Test Test test you oooooo ooooo oooooo;08/04/2002;Maternite de la ville 67;M;M;dep4;6 90 90 70 72;admis2@yahoo.en;EN;Diplome demo type 67;2010;;;;;;;;
DEMO-25AA-066;Etudiant demo 66;Test Test test you oooooo ooooo oooooo;09/04/2002;Maternite de la ville 68;M;M;dep6;7 90 90 70 72;admis2@yahoo.en;EN;Diplome demo type 68;2010;;;;;;;;
DEMO-25AA-067;Etudiant demo 67;Test Test test you oooooo ooooo oooooo;10/04/2002;Maternite de la ville 69;M;M;dep4;6 90 90 70 72;admis2@yahoo.en;EN;Diplome demo type 69;2010;;;;;;;;
DEMO-25AA-068;Etudiant demo 68;Test Test test you oooooo ooooo oooooo;11/04/2002;Maternite de la ville 70;M;M;dep6;7 90 90 70 72;admis2@yahoo.en;EN;Diplome demo type 70;2010;;;;;;;;
DEMO-25AA-069;Etudiant demo 69;Test Test test you oooooo ooooo oooooo;12/04/2002;Maternite de la ville 71;M;M;dep4;6 90 90 70 72;admis2@yahoo.en;EN;Diplome demo type 71;2010;;;;;;;;
DEMO-25AA-070;Etudiant demo 70;Test Test test you oooooo ooooo oooooo;13/04/2002;Maternite de la ville 72;M;M;dep6;7 90 90 70 72;admis2@yahoo.en;EN;Diplome demo type 72;2010;;;;;;;;
DEMO-25AA-071;Etudiant demo 71;Test Test test you oooooo ooooo oooooo;14/04/2002;Maternite de la ville 73;M;M;dep4;6 90 90 70 72;admis2@yahoo.en;EN;Diplome demo type 73;2010;;;;;;;;
DEMO-25AA-072;Etudiant demo 72;Test Test test you oooooo ooooo oooooo;15/04/2002;Maternite de la ville 74;M;M;dep6;7 90 90 70 72;admis2@yahoo.en;EN;Diplome demo type 74;2010;;;;;;;;
DEMO-25AA-073;Etudiant demo 73;Test Test test you oooooo ooooo oooooo;16/04/2002;Maternite de la ville 75;M;M;dep4;6 90 90 70 72;admis2@yahoo.en;EN;Diplome demo type 75;2010;;;;;;;;
DEMO-25AA-074;Etudiant demo 74;Test Test test you oooooo ooooo oooooo;17/04/2002;Maternite de la ville 76;M;M;dep6;7 90 90 70 72;admis2@yahoo.en;EN;Diplome demo type 76;2010;;;;;;;;
DEMO-25AA-075;Etudiant demo 75;Test Test test you oooooo ooooo oooooo;18/04/2002;Maternite de la ville 77;M;M;dep4;6 90 90 70 72;admis2@yahoo.en;EN;Diplome demo type 77;2010;;;;;;;;
DEMO-25AA-076;Etudiant demo 76;Test Test test you oooooo ooooo oooooo;19/04/2002;Maternite de la ville 78;M;M;dep6;7 90 90 70 72;admis2@yahoo.en;EN;Diplome demo type 78;2010;;;;;;;;
DEMO-25AA-077;Etudiant demo 77;Test Test test you oooooo ooooo oooooo;20/04/2002;Maternite de la ville 79;M;M;dep4;6 90 90 70 72;admis2@yahoo.en;EN;Diplome demo type 79;2010;;;;;;;;
DEMO-25AA-078;Etudiant demo 78;Test Test test you oooooo ooooo oooooo;21/04/2002;Maternite de la ville 80;M;M;dep6;7 90 90 70 72;admis2@yahoo.en;EN;Diplome demo type 80;2010;;;;;;;;
DEMO-25AA-079;Etudiant demo 79;Test Test test you oooooo ooooo oooooo;22/04/2002;Maternite de la ville 81;M;M;dep4;6 90 90 70 72;admis2@yahoo.en;EN;Diplome demo type 81;2010;;;;;;;;
DEMO-25AA-080;Etudiant demo 80;Test Test test you oooooo ooooo oooooo;23/04/2002;Maternite de la ville 82;M;M;dep6;7 90 90 70 72;admis2@yahoo.en;EN;Diplome demo type 82;2010;;;;;;;;
DEMO-25AA-081;Etudiant demo 81;Test Test test you oooooo ooooo oooooo;24/04/2002;Maternite de la ville 83;M;M;dep4;6 90 90 70 72;admis2@yahoo.en;EN;Diplome demo type 83;2010;;;;;;;;
DEMO-25AA-082;Etudiant demo 82;Test Test test you oooooo ooooo oooooo;25/04/2002;Maternite de la ville 84;M;M;dep6;7 90 90 70 72;admis2@yahoo.en;EN;Diplome demo type 84;2010;;;;;;;;
DEMO-25AA-083;Etudiant demo 83;Test Test test you oooooo ooooo oooooo;26/04/2002;Maternite de la ville 85;M;M;dep4;6 90 90 70 72;admis2@yahoo.en;EN;Diplome demo type 85;2010;;;;;;;;
DEMO-25AA-084;Etudiant demo 84;Test Test test you oooooo ooooo oooooo;27/04/2002;Maternite de la ville 86;M;M;dep6;7 90 90 70 72;admis2@yahoo.en;EN;Diplome demo type 86;2010;;;;;;;;
DEMO-25AA-085;Etudiant demo 85;Test Test test you oooooo ooooo oooooo;28/04/2002;Maternite de la ville 87;M;M;dep4;6 90 90 70 72;admis2@yahoo.en;EN;Diplome demo type 87;2010;;;;;;;;
DEMO-25AA-086;Etudiant demo 86;Test Test test you oooooo ooooo oooooo;29/04/2002;Maternite de la ville 88;M;M;dep6;7 90 90 70 72;admis2@yahoo.en;EN;Diplome demo type 88;2010;;;;;;;;
DEMO-25AA-087;Etudiant demo 87;Test Test test you oooooo ooooo oooooo;30/04/2002;Maternite de la ville 89;M;M;dep4;6 90 90 70 72;admis2@yahoo.en;EN;Diplome demo type 89;2010;;;;;;;;
DEMO-25AA-088;Etudiant demo 88;Test Test test you oooooo ooooo oooooo;01/05/2002;Maternite de la ville 90;M;M;dep6;7 90 90 70 72;admis2@yahoo.en;EN;Diplome demo type 90;2010;;;;;;;;
DEMO-25AA-089;Etudiant demo 89;Test Test test you oooooo ooooo oooooo;02/05/2002;Maternite de la ville 91;M;M;dep4;6 90 90 70 72;admis2@yahoo.en;EN;Diplome demo type 91;2010;;;;;;;;
DEMO-25AA-090;Etudiant demo 90;Test Test test you oooooo ooooo oooooo;03/05/2002;Maternite de la ville 92;M;M;dep6;7 90 90 70 72;admis2@yahoo.en;EN;Diplome demo type 92;2010;;;;;;;;
DEMO-25AA-091;Etudiant demo 91;Test Test test you oooooo ooooo oooooo;04/05/2002;Maternite de la ville 93;M;M;dep4;6 90 90 70 72;admis2@yahoo.en;EN;Diplome demo type 93;2010;;;;;;;;
DEMO-25AA-092;Etudiant demo 92;Test Test test you oooooo ooooo oooooo;05/05/2002;Maternite de la ville 94;M;M;dep6;7 90 90 70 72;admis2@yahoo.en;EN;Diplome demo type 94;2010;;;;;;;;
DEMO-25AA-093;Etudiant demo 93;Test Test test you oooooo ooooo oooooo;06/05/2002;Maternite de la ville 95;M;M;dep4;6 90 90 70 72;admis2@yahoo.en;EN;Diplome demo type 95;2010;;;;;;;;
DEMO-25AA-094;Etudiant demo 94;Test Test test you oooooo ooooo oooooo;07/05/2002;Maternite de la ville 96;M;M;dep6;7 90 90 70 72;admis2@yahoo.en;EN;Diplome demo type 96;2010;;;;;;;;
DEMO-25AA-095;Etudiant demo 95;Test Test test you oooooo ooooo oooooo;08/05/2002;Maternite de la ville 97;M;M;dep4;6 90 90 70 72;admis2@yahoo.en;EN;Diplome demo type 97;2010;;;;;;;;
DEMO-25AA-096;Etudiant demo 96;Test Test test you oooooo ooooo oooooo;09/05/2002;Maternite de la ville 98;M;M;dep6;7 90 90 70 72;admis2@yahoo.en;EN;Diplome demo type 98;2010;;;;;;;;
DEMO-25AA-097;Etudiant demo 97;Test Test test you oooooo ooooo oooooo;10/05/2002;Maternite de la ville 99;M;M;dep4;6 90 90 70 72;admis2@yahoo.en;EN;Diplome demo type 99;2010;;;;;;;;
DEMO-25AA-098;Etudiant demo 98;Test Test test you oooooo ooooo oooooo;11/05/2002;Maternite de la ville 100;M;M;dep6;7 90 90 70 72;admis2@yahoo.en;EN;Diplome demo type 100;2010;;;;;;;;
DEMO-25AA-099;Etudiant demo 99;Test Test test you oooooo ooooo oooooo;12/05/2002;Maternite de la ville 101;M;M;dep4;6 90 90 70 72;admis2@yahoo.en;EN;Diplome demo type 101;2010;;;;;;;;
DEMO-25AA-100;Etudiant demo 100;Test Test test you oooooo ooooo oooooo;13/05/2002;Maternite de la ville 102;M;M;dep6;7 90 90 70 72;admis2@yahoo.en;EN;Diplome demo type 102;2010;;;;;;;;
DEMO-25AA-101;Etudiant demo 101;Test Test test you oooooo ooooo oooooo;14/05/2002;Maternite de la ville 103;M;M;dep4;6 90 90 70 72;admis2@yahoo.en;EN;Diplome demo type 103;2010;;;;;;;;
DEMO-25AA-102;Etudiant demo 102;Test Test test you oooooo ooooo oooooo;15/05/2002;Maternite de la ville 104;M;M;dep6;7 90 90 70 72;admis2@yahoo.en;EN;Diplome demo type 104;2010;;;;;;;;
DEMO-25AA-103;Etudiant demo 103;Test Test test you oooooo ooooo oooooo;16/05/2002;Maternite de la ville 105;M;M;dep4;6 90 90 70 72;admis2@yahoo.en;EN;Diplome demo type 105;2010;;;;;;;;
DEMO-25AA-104;Etudiant demo 104;Test Test test you oooooo ooooo oooooo;17/05/2002;Maternite de la ville 106;M;M;dep6;7 90 90 70 72;admis2@yahoo.en;EN;Diplome demo type 106;2010;;;;;;;;
DEMO-25AA-105;Etudiant demo 105;Test Test test you oooooo ooooo oooooo;18/05/2002;Maternite de la ville 107;M;M;dep4;6 90 90 70 72;admis2@yahoo.en;EN;Diplome demo type 107;2010;;;;;;;;
DEMO-25AA-106;Etudiant demo 106;Test Test test you oooooo ooooo oooooo;19/05/2002;Maternite de la ville 108;M;M;dep6;7 90 90 70 72;admis2@yahoo.en;EN;Diplome demo type 108;2010;;;;;;;;
DEMO-25AA-107;Etudiant demo 107;Test Test test you oooooo ooooo oooooo;20/05/2002;Maternite de la ville 109;M;M;dep4;6 90 90 70 72;admis2@yahoo.en;EN;Diplome demo type 109;2010;;;;;;;;
DEMO-25AA-108;Etudiant demo 108;Test Test test you oooooo ooooo oooooo;21/05/2002;Maternite de la ville 110;M;M;dep6;7 90 90 70 72;admis2@yahoo.en;EN;Diplome demo type 110;2010;;;;;;;;
DEMO-25AA-109;Etudiant demo 109;Test Test test you oooooo ooooo oooooo;22/05/2002;Maternite de la ville 111;M;M;dep4;6 90 90 70 72;admis2@yahoo.en;EN;Diplome demo type 111;2010;;;;;;;;
DEMO-25AA-110;Etudiant demo 110;Test Test test you oooooo ooooo oooooo;23/05/2002;Maternite de la ville 112;M;M;dep6;7 90 90 70 72;admis2@yahoo.en;EN;Diplome demo type 112;2010;;;;;;;;
DEMO-25AA-111;Etudiant demo 111;Test Test test you oooooo ooooo oooooo;24/05/2002;Maternite de la ville 113;M;M;dep4;6 90 90 70 72;admis2@yahoo.en;EN;Diplome demo type 113;2010;;;;;;;;
DEMO-25AA-112;Etudiant demo 112;Test Test test you oooooo ooooo oooooo;25/05/2002;Maternite de la ville 114;M;M;dep6;7 90 90 70 72;admis2@yahoo.en;EN;Diplome demo type 114;2010;;;;;;;;
DEMO-25AA-113;Etudiant demo 113;Test Test test you oooooo ooooo oooooo;26/05/2002;Maternite de la ville 115;M;M;dep4;6 90 90 70 72;admis2@yahoo.en;EN;Diplome demo type 115;2010;;;;;;;;
DEMO-25AA-114;Etudiant demo 114;Test Test test you oooooo ooooo oooooo;27/05/2002;Maternite de la ville 116;M;M;dep6;7 90 90 70 72;admis2@yahoo.en;EN;Diplome demo type 116;2010;;;;;;;;
DEMO-25AA-115;Etudiant demo 115;Test Test test you oooooo ooooo oooooo;28/05/2002;Maternite de la ville 117;M;M;dep4;6 90 90 70 72;admis2@yahoo.en;EN;Diplome demo type 117;2010;;;;;;;;
DEMO-25AA-116;Etudiant demo 116;Test Test test you oooooo ooooo oooooo;29/05/2002;Maternite de la ville 118;M;M;dep6;7 90 90 70 72;admis2@yahoo.en;EN;Diplome demo type 118;2010;;;;;;;;
DEMO-25AA-117;Etudiant demo 117;Test Test test you oooooo ooooo oooooo;30/05/2002;Maternite de la ville 119;M;M;dep4;6 90 90 70 72;admis2@yahoo.en;EN;Diplome demo type 119;2010;;;;;;;;
DEMO-25AA-118;Etudiant demo 118;Test Test test you oooooo ooooo oooooo;31/05/2002;Maternite de la ville 120;M;M;dep6;7 90 90 70 72;admis2@yahoo.en;EN;Diplome demo type 120;2010;;;;;;;;
DEMO-25AA-119;Etudiant demo 119;Test Test test you oooooo ooooo oooooo;01/06/2002;Maternite de la ville 121;M;M;dep4;6 90 90 70 72;admis2@yahoo.en;EN;Diplome demo type 121;2010;;;;;;;;
DEMO-25AA-120;Etudiant demo 120;Test Test test you oooooo ooooo oooooo;02/06/2002;Maternite de la ville 122;M;M;dep6;7 90 90 70 72;admis2@yahoo.en;EN;Diplome demo type 122;2010;;;;;;;;
DEMO-25AA-121;Etudiant demo 121;Test Test test you oooooo ooooo oooooo;03/06/2002;Maternite de la ville 123;M;M;dep4;6 90 90 70 72;admis2@yahoo.en;EN;Diplome demo type 123;2010;;;;;;;;
DEMO-25AA-122;Etudiant demo 122;Test Test test you oooooo ooooo oooooo;04/06/2002;Maternite de la ville 124;M;M;dep6;7 90 90 70 72;admis2@yahoo.en;EN;Diplome demo type 124;2010;;;;;;;;
DEMO-25AA-123;Etudiant demo 123;Test Test test you oooooo ooooo oooooo;05/06/2002;Maternite de la ville 125;M;M;dep4;6 90 90 70 72;admis2@yahoo.en;EN;Diplome demo type 125;2010;;;;;;;;
DEMO-25AA-124;Etudiant demo 124;Test Test test you oooooo ooooo oooooo;06/06/2002;Maternite de la ville 126;M;M;dep6;7 90 90 70 72;admis2@yahoo.en;EN;Diplome demo type 126;2010;;;;;;;;
DEMO-25AA-125;Etudiant demo 125;Test Test test you oooooo ooooo oooooo;07/06/2002;Maternite de la ville 127;M;M;dep4;6 90 90 70 72;admis2@yahoo.en;EN;Diplome demo type 127;2010;;;;;;;;
DEMO-25AA-126;Etudiant demo 126;Test Test test you oooooo ooooo oooooo;08/06/2002;Maternite de la ville 128;M;M;dep6;7 90 90 70 72;admis2@yahoo.en;EN;Diplome demo type 128;2010;;;;;;;;
DEMO-25AA-127;Etudiant demo 127;Test Test test you oooooo ooooo oooooo;09/06/2002;Maternite de la ville 129;M;M;dep4;6 90 90 70 72;admis2@yahoo.en;EN;Diplome demo type 129;2010;;;;;;;;
DEMO-25AA-128;Etudiant demo 128;Test Test test you oooooo ooooo oooooo;10/06/2002;Maternite de la ville 130;M;M;dep6;7 90 90 70 72;admis2@yahoo.en;EN;Diplome demo type 130;2010;;;;;;;;
DEMO-25AA-129;Etudiant demo 129;Test Test test you oooooo ooooo oooooo;11/06/2002;Maternite de la ville 131;M;M;dep4;6 90 90 70 72;admis2@yahoo.en;EN;Diplome demo type 131;2010;;;;;;;;
DEMO-25AA-130;Etudiant demo 130;Test Test test you oooooo ooooo oooooo;12/06/2002;Maternite de la ville 132;M;M;dep6;7 90 90 70 72;admis2@yahoo.en;EN;Diplome demo type 132;2010;;;;;;;;
DEMO-25AA-131;Etudiant demo 131;Test Test test you oooooo ooooo oooooo;13/06/2002;Maternite de la ville 133;M;M;dep4;6 90 90 70 72;admis2@yahoo.en;EN;Diplome demo type 133;2010;;;;;;;;
DEMO-25AA-132;Etudiant demo 132;Test Test test you oooooo ooooo oooooo;14/06/2002;Maternite de la ville 134;M;M;dep6;7 90 90 70 72;admis2@yahoo.en;EN;Diplome demo type 134;2010;;;;;;;;
DEMO-25AA-133;Etudiant demo 133;Test Test test you oooooo ooooo oooooo;15/06/2002;Maternite de la ville 135;M;M;dep4;6 90 90 70 72;admis2@yahoo.en;EN;Diplome demo type 135;2010;;;;;;;;
DEMO-25AA-134;Etudiant demo 134;Test Test test you oooooo ooooo oooooo;16/06/2002;Maternite de la ville 136;M;M;dep6;7 90 90 70 72;admis2@yahoo.en;EN;Diplome demo type 136;2010;;;;;;;;
DEMO-25AA-135;Etudiant demo 135;Test Test test you oooooo ooooo oooooo;17/06/2002;Maternite de la ville 137;M;M;dep4;6 90 90 70 72;admis2@yahoo.en;EN;Diplome demo type 137;2010;;;;;;;;
DEMO-25AA-136;Etudiant demo 136;Test Test test you oooooo ooooo oooooo;18/06/2002;Maternite de la ville 138;M;M;dep6;7 90 90 70 72;admis2@yahoo.en;EN;Diplome demo type 138;2010;;;;;;;;
DEMO-25AA-137;Etudiant demo 137;Test Test test you oooooo ooooo oooooo;19/06/2002;Maternite de la ville 139;M;M;dep4;6 90 90 70 72;admis2@yahoo.en;EN;Diplome demo type 139;2010;;;;;;;;
DEMO-25AA-138;Etudiant demo 138;Test Test test you oooooo ooooo oooooo;20/06/2002;Maternite de la ville 140;M;M;dep6;7 90 90 70 72;admis2@yahoo.en;EN;Diplome demo type 140;2010;;;;;;;;
DEMO-25AA-139;Etudiant demo 139;Test Test test you oooooo ooooo oooooo;21/06/2002;Maternite de la ville 141;M;M;dep4;6 90 90 70 72;admis2@yahoo.en;EN;Diplome demo type 141;2010;;;;;;;;
DEMO-25AA-140;Etudiant demo 140;Test Test test you oooooo ooooo oooooo;22/06/2002;Maternite de la ville 142;M;M;dep6;7 90 90 70 72;admis2@yahoo.en;EN;Diplome demo type 142;2010;;;;;;;;
DEMO-25AA-141;Etudiant demo 141;Test Test test you oooooo ooooo oooooo;23/06/2002;Maternite de la ville 143;M;M;dep4;6 90 90 70 72;admis2@yahoo.en;EN;Diplome demo type 143;2010;;;;;;;;
DEMO-25AA-142;Etudiant demo 142;Test Test test you oooooo ooooo oooooo;24/06/2002;Maternite de la ville 144;M;M;dep6;7 90 90 70 72;admis2@yahoo.en;EN;Diplome demo type 144;2010;;;;;;;;
DEMO-25AA-143;Etudiant demo 143;Test Test test you oooooo ooooo oooooo;25/06/2002;Maternite de la ville 145;M;M;dep4;6 90 90 70 72;admis2@yahoo.en;EN;Diplome demo type 145;2010;;;;;;;;
DEMO-25AA-144;Etudiant demo 144;Test Test test you oooooo ooooo oooooo;26/06/2002;Maternite de la ville 146;M;M;dep6;7 90 90 70 72;admis2@yahoo.en;EN;Diplome demo type 146;2010;;;;;;;;
DEMO-25AA-145;Etudiant demo 145;Test Test test you oooooo ooooo oooooo;27/06/2002;Maternite de la ville 147;M;M;dep4;6 90 90 70 72;admis2@yahoo.en;EN;Diplome demo type 147;2010;;;;;;;;
DEMO-25AA-146;Etudiant demo 146;Test Test test you oooooo ooooo oooooo;28/06/2002;Maternite de la ville 148;M;M;dep6;7 90 90 70 72;admis2@yahoo.en;EN;Diplome demo type 148;2010;;;;;;;;
DEMO-25AA-147;Etudiant demo 147;Test Test test you oooooo ooooo oooooo;29/06/2002;Maternite de la ville 149;M;M;dep4;6 90 90 70 72;admis2@yahoo.en;EN;Diplome demo type 149;2010;;;;;;;;
DEMO-25AA-148;Etudiant demo 148;Test Test test you oooooo ooooo oooooo;30/06/2002;Maternite de la ville 150;M;M;dep6;7 90 90 70 72;admis2@yahoo.en;EN;Diplome demo type 150;2010;;;;;;;;
DEMO-25AA-149;Etudiant demo 149;Test Test test you oooooo ooooo oooooo;01/07/2002;Maternite de la ville 151;M;M;dep4;6 90 90 70 72;admis2@yahoo.en;EN;Diplome demo type 151;2010;;;;;;;;
DEMO-25AA-150;Etudiant demo 150;Test Test test you oooooo ooooo oooooo;02/07/2002;Maternite de la ville 152;M;M;dep6;7 90 90 70 72;admis2@yahoo.en;EN;Diplome demo type 152;2010;;;;;;;;
DEMO-25AA-151;Etudiant demo 151;Test Test test you oooooo ooooo oooooo;03/07/2002;Maternite de la ville 153;M;M;dep4;6 90 90 70 72;admis2@yahoo.en;EN;Diplome demo type 153;2010;;;;;;;;
DEMO-25AA-152;Etudiant demo 152;Test Test test you oooooo ooooo oooooo;04/07/2002;Maternite de la ville 154;M;M;dep6;7 90 90 70 72;admis2@yahoo.en;EN;Diplome demo type 154;2010;;;;;;;;
DEMO-25AA-153;Etudiant demo 153;Test Test test you oooooo ooooo oooooo;05/07/2002;Maternite de la ville 155;M;M;dep4;6 90 90 70 72;admis2@yahoo.en;EN;Diplome demo type 155;2010;;;;;;;;
DEMO-25AA-154;Etudiant demo 154;Test Test test you oooooo ooooo oooooo;06/07/2002;Maternite de la ville 156;M;M;dep6;7 90 90 70 72;admis2@yahoo.en;EN;Diplome demo type 156;2010;;;;;;;;
DEMO-25AA-155;Etudiant demo 155;Test Test test you oooooo ooooo oooooo;07/07/2002;Maternite de la ville 157;M;M;dep4;6 90 90 70 72;admis2@yahoo.en;EN;Diplome demo type 157;2010;;;;;;;;
DEMO-25AA-156;Etudiant demo 156;Test Test test you oooooo ooooo oooooo;08/07/2002;Maternite de la ville 158;M;M;dep6;7 90 90 70 72;admis2@yahoo.en;EN;Diplome demo type 158;2010;;;;;;;;
DEMO-25AA-157;Etudiant demo 157;Test Test test you oooooo ooooo oooooo;09/07/2002;Maternite de la ville 159;M;M;dep4;6 90 90 70 72;admis2@yahoo.en;EN;Diplome demo type 159;2010;;;;;;;;
DEMO-25AA-158;Etudiant demo 158;Test Test test you oooooo ooooo oooooo;10/07/2002;Maternite de la ville 160;M;M;dep6;7 90 90 70 72;admis2@yahoo.en;EN;Diplome demo type 160;2010;;;;;;;;
DEMO-25AA-159;Etudiant demo 159;Test Test test you oooooo ooooo oooooo;11/07/2002;Maternite de la ville 161;M;M;dep4;6 90 90 70 72;admis2@yahoo.en;EN;Diplome demo type 161;2010;;;;;;;;
DEMO-25AA-160;Etudiant demo 160;Test Test test you oooooo ooooo oooooo;12/07/2002;Maternite de la ville 162;M;M;dep6;7 90 90 70 72;admis2@yahoo.en;EN;Diplome demo type 162;2010;;;;;;;;
DEMO-25AA-161;Etudiant demo 161;Test Test test you oooooo ooooo oooooo;13/07/2002;Maternite de la ville 163;M;M;dep4;6 90 90 70 72;admis2@yahoo.en;EN;Diplome demo type 163;2010;;;;;;;;
DEMO-25AA-162;Etudiant demo 162;Test Test test you oooooo ooooo oooooo;14/07/2002;Maternite de la ville 164;M;M;dep6;7 90 90 70 72;admis2@yahoo.en;EN;Diplome demo type 164;2010;;;;;;;;
DEMO-25AA-163;Etudiant demo 163;Test Test test you oooooo ooooo oooooo;15/07/2002;Maternite de la ville 165;M;M;dep4;6 90 90 70 72;admis2@yahoo.en;EN;Diplome demo type 165;2010;;;;;;;;
DEMO-25AA-164;Etudiant demo 164;Test Test test you oooooo ooooo oooooo;16/07/2002;Maternite de la ville 166;M;M;dep6;7 90 90 70 72;admis2@yahoo.en;EN;Diplome demo type 166;2010;;;;;;;;
DEMO-25AA-165;Etudiant demo 165;Test Test test you oooooo ooooo oooooo;17/07/2002;Maternite de la ville 167;M;M;dep4;6 90 90 70 72;admis2@yahoo.en;EN;Diplome demo type 167;2010;;;;;;;;
DEMO-25AA-166;Etudiant demo 166;Test Test test you oooooo ooooo oooooo;18/07/2002;Maternite de la ville 168;M;M;dep6;7 90 90 70 72;admis2@yahoo.en;EN;Diplome demo type 168;2010;;;;;;;;
DEMO-25AA-167;Etudiant demo 167;Test Test test you oooooo ooooo oooooo;19/07/2002;Maternite de la ville 169;M;M;dep4;6 90 90 70 72;admis2@yahoo.en;EN;Diplome demo type 169;2010;;;;;;;;
DEMO-25AA-168;Etudiant demo 168;Test Test test you oooooo ooooo oooooo;20/07/2002;Maternite de la ville 170;M;M;dep6;7 90 90 70 72;admis2@yahoo.en;EN;Diplome demo type 170;2010;;;;;;;;
DEMO-25AA-169;Etudiant demo 169;Test Test test you oooooo ooooo oooooo;21/07/2002;Maternite de la ville 171;M;M;dep4;6 90 90 70 72;admis2@yahoo.en;EN;Diplome demo type 171;2010;;;;;;;;
DEMO-25AA-170;Etudiant demo 170;Test Test test you oooooo ooooo oooooo;22/07/2002;Maternite de la ville 172;M;M;dep6;7 90 90 70 72;admis2@yahoo.en;EN;Diplome demo type 172;2010;;;;;;;;
DEMO-25AA-171;Etudiant demo 171;Test Test test you oooooo ooooo oooooo;23/07/2002;Maternite de la ville 173;M;M;dep4;6 90 90 70 72;admis2@yahoo.en;EN;Diplome demo type 173;2010;;;;;;;;
DEMO-25AA-172;Etudiant demo 172;Test Test test you oooooo ooooo oooooo;24/07/2002;Maternite de la ville 174;M;M;dep6;7 90 90 70 72;admis2@yahoo.en;EN;Diplome demo type 174;2010;;;;;;;;
DEMO-25AA-173;Etudiant demo 173;Test Test test you oooooo ooooo oooooo;25/07/2002;Maternite de la ville 175;M;M;dep4;6 90 90 70 72;admis2@yahoo.en;EN;Diplome demo type 175;2010;;;;;;;;
DEMO-25AA-174;Etudiant demo 174;Test Test test you oooooo ooooo oooooo;26/07/2002;Maternite de la ville 176;M;M;dep6;7 90 90 70 72;admis2@yahoo.en;EN;Diplome demo type 176;2010;;;;;;;;
DEMO-25AA-175;Etudiant demo 175;Test Test test you oooooo ooooo oooooo;27/07/2002;Maternite de la ville 177;M;M;dep4;6 90 90 70 72;admis2@yahoo.en;EN;Diplome demo type 177;2010;;;;;;;;
DEMO-25AA-176;Etudiant demo 176;Test Test test you oooooo ooooo oooooo;28/07/2002;Maternite de la ville 178;M;M;dep6;7 90 90 70 72;admis2@yahoo.en;EN;Diplome demo type 178;2010;;;;;;;;
DEMO-25AA-177;Etudiant demo 177;Test Test test you oooooo ooooo oooooo;29/07/2002;Maternite de la ville 179;M;M;dep4;6 90 90 70 72;admis2@yahoo.en;EN;Diplome demo type 179;2010;;;;;;;;
DEMO-25AA-178;Etudiant demo 178;Test Test test you oooooo ooooo oooooo;30/07/2002;Maternite de la ville 180;M;M;dep6;7 90 90 70 72;admis2@yahoo.en;EN;Diplome demo type 180;2010;;;;;;;;
DEMO-25AA-179;Etudiant demo 179;Test Test test you oooooo ooooo oooooo;31/07/2002;Maternite de la ville 181;M;M;dep4;6 90 90 70 72;admis2@yahoo.en;EN;Diplome demo type 181;2010;;;;;;;;
DEMO-25AA-180;Etudiant demo 180;Test Test test you oooooo ooooo oooooo;01/08/2002;Maternite de la ville 182;M;M;dep6;7 90 90 70 72;admis2@yahoo.en;EN;Diplome demo type 182;2010;;;;;;;;
DEMO-25AA-181;Etudiant demo 181;Test Test test you oooooo ooooo oooooo;02/08/2002;Maternite de la ville 183;M;M;dep4;6 90 90 70 72;admis2@yahoo.en;EN;Diplome demo type 183;2010;;;;;;;;
DEMO-25AA-182;Etudiant demo 182;Test Test test you oooooo ooooo oooooo;03/08/2002;Maternite de la ville 184;M;M;dep6;7 90 90 70 72;admis2@yahoo.en;EN;Diplome demo type 184;2010;;;;;;;;
DEMO-25AA-183;Etudiant demo 183;Test Test test you oooooo ooooo oooooo;04/08/2002;Maternite de la ville 185;M;M;dep4;6 90 90 70 72;admis2@yahoo.en;EN;Diplome demo type 185;2010;;;;;;;;
DEMO-25AA-184;Etudiant demo 184;Test Test test you oooooo ooooo oooooo;05/08/2002;Maternite de la ville 186;M;M;dep6;7 90 90 70 72;admis2@yahoo.en;EN;Diplome demo type 186;2010;;;;;;;;
DEMO-25AA-185;Etudiant demo 185;Test Test test you oooooo ooooo oooooo;06/08/2002;Maternite de la ville 187;M;M;dep4;6 90 90 70 72;admis2@yahoo.en;EN;Diplome demo type 187;2010;;;;;;;;
DEMO-25AA-186;Etudiant demo 186;Test Test test you oooooo ooooo oooooo;07/08/2002;Maternite de la ville 188;M;M;dep6;7 90 90 70 72;admis2@yahoo.en;EN;Diplome demo type 188;2010;;;;;;;;
DEMO-25AA-187;Etudiant demo 187;Test Test test you oooooo ooooo oooooo;08/08/2002;Maternite de la ville 189;M;M;dep4;6 90 90 70 72;admis2@yahoo.en;EN;Diplome demo type 189;2010;;;;;;;;
DEMO-25AA-188;Etudiant demo 188;Test Test test you oooooo ooooo oooooo;09/08/2002;Maternite de la ville 190;M;M;dep6;7 90 90 70 72;admis2@yahoo.en;EN;Diplome demo type 190;2010;;;;;;;;
DEMO-25AA-189;Etudiant demo 189;Test Test test you oooooo ooooo oooooo;10/08/2002;Maternite de la ville 191;M;M;dep4;6 90 90 70 72;admis2@yahoo.en;EN;Diplome demo type 191;2010;;;;;;;;
DEMO-25AA-190;Etudiant demo 190;Test Test test you oooooo ooooo oooooo;11/08/2002;Maternite de la ville 192;M;M;dep6;7 90 90 70 72;admis2@yahoo.en;EN;Diplome demo type 192;2010;;;;;;;;
DEMO-25AA-191;Etudiant demo 191;Test Test test you oooooo ooooo oooooo;12/08/2002;Maternite de la ville 193;M;M;dep4;6 90 90 70 72;admis2@yahoo.en;EN;Diplome demo type 193;2010;;;;;;;;
DEMO-25AA-192;Etudiant demo 192;Test Test test you oooooo ooooo oooooo;13/08/2002;Maternite de la ville 194;M;M;dep6;7 90 90 70 72;admis2@yahoo.en;EN;Diplome demo type 194;2010;;;;;;;;
DEMO-25AA-193;Etudiant demo 193;Test Test test you oooooo ooooo oooooo;14/08/2002;Maternite de la ville 195;M;M;dep4;6 90 90 70 72;admis2@yahoo.en;EN;Diplome demo type 195;2010;;;;;;;;
DEMO-25AA-194;Etudiant demo 194;Test Test test you oooooo ooooo oooooo;15/08/2002;Maternite de la ville 196;M;M;dep6;7 90 90 70 72;admis2@yahoo.en;EN;Diplome demo type 196;2010;;;;;;;;
DEMO-25AA-195;Etudiant demo 195;Test Test test you oooooo ooooo oooooo;16/08/2002;Maternite de la ville 197;M;M;dep4;6 90 90 70 72;admis2@yahoo.en;EN;Diplome demo type 197;2010;;;;;;;;
DEMO-25AA-196;Etudiant demo 196;Test Test test you oooooo ooooo oooooo;17/08/2002;Maternite de la ville 198;M;M;dep6;7 90 90 70 72;admis2@yahoo.en;EN;Diplome demo type 198;2010;;;;;;;;
DEMO-25AA-197;Etudiant demo 197;Test Test test you oooooo ooooo oooooo;18/08/2002;Maternite de la ville 199;M;M;dep4;6 90 90 70 72;admis2@yahoo.en;EN;Diplome demo type 199;2010;;;;;;;;
DEMO-25AA-198;Etudiant demo 198;Test Test test you oooooo ooooo oooooo;19/08/2002;Maternite de la ville 200;M;M;dep6;7 90 90 70 72;admis2@yahoo.en;EN;Diplome demo type 200;2010;;;;;;;;
DEMO-25AA-199;Etudiant demo 199;Test Test test you oooooo ooooo oooooo;20/08/2002;Maternite de la ville 201;M;M;dep4;6 90 90 70 72;admis2@yahoo.en;EN;Diplome demo type 201;2010;;;;;;;;
DEMO-25AA-200;Etudiant demo 200;Test Test test you oooooo ooooo oooooo;21/08/2002;Maternite de la ville 202;M;M;dep6;7 90 90 70 72;admis2@yahoo.en;EN;Diplome demo type 202;2010;;;;;;;;
DEMO-25AA-201;Etudiant demo 201;Test Test test you oooooo ooooo oooooo;22/08/2002;Maternite de la ville 203;M;M;dep4;6 90 90 70 72;admis2@yahoo.en;EN;Diplome demo type 203;2010;;;;;;;;
DEMO-25AA-202;Etudiant demo 202;Test Test test you oooooo ooooo oooooo;23/08/2002;Maternite de la ville 204;M;M;dep6;7 90 90 70 72;admis2@yahoo.en;EN;Diplome demo type 204;2010;;;;;;;;
DEMO-25AA-203;Etudiant demo 203;Test Test test you oooooo ooooo oooooo;24/08/2002;Maternite de la ville 205;M;M;dep4;6 90 90 70 72;admis2@yahoo.en;EN;Diplome demo type 205;2010;;;;;;;;
DEMO-25AA-204;Etudiant demo 204;Test Test test you oooooo ooooo oooooo;25/08/2002;Maternite de la ville 206;M;M;dep6;7 90 90 70 72;admis2@yahoo.en;EN;Diplome demo type 206;2010;;;;;;;;
DEMO-25AA-205;Etudiant demo 205;Test Test test you oooooo ooooo oooooo;26/08/2002;Maternite de la ville 207;M;M;dep4;6 90 90 70 72;admis2@yahoo.en;EN;Diplome demo type 207;2010;;;;;;;;
DEMO-25AA-206;Etudiant demo 206;Test Test test you oooooo ooooo oooooo;27/08/2002;Maternite de la ville 208;M;M;dep6;7 90 90 70 72;admis2@yahoo.en;EN;Diplome demo type 208;2010;;;;;;;;
